Muestra,Gen,Count,AF_promedio,Pathogenic_count
L0176,ASXL1,1,0.1176,1
L0176,BAALC,1,0.0508,0
L0176,BCOR,2,0.061149999999999996,0
L0176,BRAF,2,0.0796,0
L0176,CUX1,1,0.0833,0
L0176,DEK-NUP214,1,,1
L0176,EZH2,4,0.077525,1
L0176,FLT3,4,0.11865,2
L0176,KIT,1,0.0903,0
L0176,KMT2A(MLL),4,0.10015,1
L0176,KRAS,1,0.1071,0
L0176,MPL,2,0.07919999999999999,0
L0176,NF1,3,0.11133333333333333,2
L0176,NUP214-DEK,1,,0
L0176,PHF6,5,0.06545999999999999,0
L0176,SMC1A,3,0.20173333333333332,0
L0176,TET2,1,0.0635,0
L0176,U2AF1,1,0.125,0
L0176,WT1,2,0.08035,0
L0176,ZRSR2,2,0.06675,0
L0193,ASXL1,4,0.059,1
L0193,BCOR,7,0.08544285714285714,0
L0193,BRAF,3,0.10060000000000001,1
L0193,CBL,1,0.0536,0
L0193,CEBPA,1,0.0533,1
L0193,CSF3R,1,0.0579,0
L0193,DDX41,1,0.0556,0
L0193,EZH2,4,0.07542499999999999,0
L0193,FLT3,4,0.082925,0
L0193,GATA2,7,0.1244,1
L0193,IDH1,3,0.11869999999999999,0
L0193,JAK2,2,0.10110000000000001,0
L0193,KIT,1,0.0811,0
L0193,KMT2A(MLL),14,0.08524285714285715,0
L0193,KRAS,2,0.09809999999999999,0
L0193,MPL,2,0.08895,0
L0193,NF1,14,0.11568571428571428,4
L0193,NRAS,1,0.0667,0
L0193,PHF6,2,0.1167,0
L0193,PTPN11,2,0.0513,0
L0193,RUNX1-RUNX1T1,3,,3
L0193,SETBP1,4,0.24682500000000002,0
L0193,STAG2,4,0.059825,0
L0193,TET2,2,0.0579,0
L0193,ZRSR2,2,0.087,0
L0230,"ANKRD11-ENSG00000256982(28686),ACSF3(6723)",1,,0
L0230,ASXL1,3,0.06446666666666666,0
L0230,BCOR,7,0.07348571428571428,0
L0230,BRAF,1,0.0909,0
L0230,CBL,1,0.0541,0
L0230,CSF3R,2,0.18805,0
L0230,CUX1,5,0.07672,0
L0230,DEK-NUP214,1,,1
L0230,DNMT3A,1,0.0606,0
L0230,EZH2,3,0.18839999999999998,0
L0230,FLT3,2,0.5746,1
L0230,JAK2,3,0.07556666666666667,0
L0230,KIT,2,0.1511,0
L0230,KMT2A(MLL),19,0.07976842105263159,2
L0230,KRAS,1,0.0513,0
L0230,MPL,1,0.3333,0
L0230,NF1,11,0.09796363636363635,1
L0230,NUP214-DEK,1,,0
L0230,SMC1A,4,0.053925,0
L0230,STAG2,4,0.06805,0
L0230,TET2,2,0.06265000000000001,0
L0230,ZRSR2,1,0.2222,0
L0231,ASXL1,4,0.06765,0
L0231,BCOR,5,0.07044,0
L0231,BRAF,7,0.09994285714285714,0
L0231,CBL,1,0.1667,0
L0231,CEBPA,3,0.10166666666666667,1
L0231,CSF3R,1,0.3846,0
L0231,CUX1,7,0.07454285714285715,0
L0231,DDX41,1,0.0667,0
L0231,DNMT3A,3,0.2780666666666667,1
L0231,ETV6,1,0.0789,0
L0231,EZH2,5,0.16094,0
L0231,FLT3,1,0.0595,0
L0231,IDH1,1,0.0769,0
L0231,IDH2,1,0.5541,1
L0231,JAK2,3,0.07426666666666666,0
L0231,KMT2A(MLL),6,0.29966666666666664,1
L0231,MPL,2,0.0702,0
L0231,NF1,13,0.08283846153846154,1
L0231,PHF6,1,0.0909,0
L0231,PTPN11,2,0.06155,0
L0231,SETBP1,2,0.24285,0
L0231,SF3B1,1,0.2222,0
L0231,SMC1A,7,0.06377142857142858,0
L0231,TET2,4,0.0591,0
L0231,TP53,1,0.0652,1
L0231,ZRSR2,2,0.2193,0
L0243,ASXL1,2,0.0825,0
L0243,BCOR,1,0.0706,0
L0243,CLEC16A-HOXA10-AS,1,,0
L0243,CUX1,1,0.0538,0
L0243,EZH2,1,0.0741,0
L0243,FLT3,5,0.0918,2
L0243,GAS6-AS1-TMEM255B,2,,0
L0243,KMT2A(MLL),3,0.42346666666666666,0
L0243,NF1,1,0.1196,0
L0243,NUP98-ENSG00000257184,1,,1
L0243,NUP98-HOXA9,1,,1
L0243,SETBP1,2,0.27690000000000003,0
L0243,SF1,1,0.1728,0
L0243,SMC1A,1,0.0613,0
L0243,ZRSR2,5,0.23532000000000003,0
L0364,ASXL1,7,0.07785714285714285,2
L0364,BCOR,5,0.09628,1
L0364,BRAF,1,0.0833,0
L0364,CBL,3,0.06523333333333332,0
L0364,CEBPA,4,0.06285,1
L0364,CUX1,6,0.15246666666666667,0
L0364,DDX41,4,0.0577,0
L0364,DNMT3A,5,0.07854,0
L0364,ETV6,1,0.0741,0
L0364,EZH2,6,0.06476666666666667,1
L0364,FLT3,1,0.1111,0
L0364,GATA2,1,0.3333,0
L0364,IDH1,2,0.0598,0
L0364,JAK2,5,0.08568,0
L0364,KIT,4,0.075225,0
L0364,KMT2A(MLL),18,0.07658888888888889,1
L0364,KRAS,1,0.8824,0
L0364,NF1,8,0.1741875,2
L0364,NRAS,1,0.0526,0
L0364,PHF6,1,0.1176,0
L0364,PTPN11,4,0.06587499999999999,0
L0364,RUNX1,1,0.8639,0
L0364,SETBP1,2,0.0801,0
L0364,SF3B1,1,0.1176,0
L0364,SMC1A,2,0.06315,0
L0364,STAG2,2,0.07155,0
L0364,TET2,7,0.07324285714285715,0
L0364,ZRSR2,3,0.13216666666666668,0
L0374,ASXL1,5,0.060899999999999996,0
L0374,BCOR,2,0.07105,0
L0374,BRAF,3,0.06266666666666666,0
L0374,CUX1,3,0.05786666666666667,0
L0374,DNMT3A,4,0.1389,1
L0374,ETV6,1,0.1392,0
L0374,GATA2,1,0.1667,0
L0374,KMT2A(MLL),12,0.11333333333333333,1
L0374,KRAS,2,0.2344,1
L0374,NF1,8,0.0836875,1
L0374,NPM1,1,0.5982,1
L0374,NRAS,1,0.0606,0
L0374,PHF6,4,0.110625,0
L0374,PTPN11,2,0.07285,1
L0374,TET2,1,0.0504,0
L0374,ZRSR2,3,0.0649,0
L0591,AXL1,1,0.5,0
L0591,BCOR,1,0.0714,1
L0591,BRAF,1,0.0606,0
L0591,CEBPA,3,0.3191333333333333,0
L0591,CSF3R,1,0.4723,1
L0591,EZH2,1,0.0625,0
L0591,FLT3,1,0.0606,0
L0591,IDH1,2,0.47695,0
L0591,KIT,2,0.06695000000000001,0
L0591,KMT2A(MLL),4,0.33292499999999997,0
L0591,NF1,11,0.0664,4
L0591,SETBP1,3,0.16603333333333334,0
L0591,SMC1A,1,0.2222,0
L0591,ZRSR2,2,0.1018,0
L0619B,ASXL1,2,0.21505,1
L0619B,AXL1,1,0.3333,0
L0619B,BCOR,5,0.07092000000000001,0
L0619B,BRAF,1,0.1132,0
L0619B,CBL,1,0.0545,0
L0619B,DDX41,1,0.0541,0
L0619B,EZH2,3,0.1686,1
L0619B,JAK2,4,0.177875,1
L0619B,KIT,1,0.3636,1
L0619B,KMT2A(MLL),3,0.10629999999999999,0
L0619B,NF1,9,0.06536666666666667,1
L0619B,NRAS,1,0.0577,0
L0619B,PHF6,1,0.0741,0
L0619B,RUNX1-RUNX1T1,2,,2
L0619B,SETBP1,3,0.3285666666666667,0
L0619B,STAG2,1,0.0703,0
L0619B,TET2,1,0.0682,0
L0619B,WT1,3,0.08323333333333334,0
L0619B,ZRSR2,4,0.1451,0
L0624,ASXL1,3,0.206,1
L0624,BCOR,4,0.06735,0
L0624,BRAF,4,0.0776,0
L0624,CUX1,5,0.1311,0
L0624,DDX41,1,0.0714,0
L0624,DNMT3A,4,0.061524999999999996,0
L0624,EZH2,6,0.10189999999999999,0
L0624,JAK2,3,0.06366666666666666,0
L0624,KIT,5,0.06316,0
L0624,KMT2A(MLL),14,0.07333571428571428,1
L0624,NF1,12,0.11138333333333333,4
L0624,NRAS,2,0.17315,1
L0624,PTPN11,2,0.23705,0
L0624,SETBP1,6,0.08439999999999999,0
L0624,SF3B1,2,0.23745,0
L0624,SMC1A,2,0.0631,0
L0624,TET2,2,0.05985,0
L0624,ZRSR2,2,0.07020000000000001,0
L0683,ASXL1,1,0.0566,1
L0683,BRAF,1,0.0652,0
L0683,CUX1,1,0.1,0
L0683,EZH2,3,0.061533333333333336,0
L0683,FLT3,1,,1
L0683,IDH2,1,0.4387,1
L0683,JAK2,1,0.0588,0
L0683,KIT,1,0.0606,0
L0683,KMT2A(MLL),2,0.10585,0
L0683,KRAS,1,0.1648,1
L0683,NF1,3,0.08733333333333333,0
L0683,NPEPPSP1-TBC1D3L,1,,0
L0683,NPM1,2,0.29935,1
L0683,SETBP1,1,1.0,1
L0683,SF1,1,0.0647,0
L0683,SRSF2,1,0.4353,1
L0683,TFDP2-XRN1,1,,0
L0683,ZRSR2,1,0.1667,0
L0738,ASXL1,2,0.09675,0
L0738,BCOR,3,0.07006666666666667,0
L0738,BRAF,2,0.0814,0
L0738,CBL,1,0.0571,0
L0738,CEBPA,1,0.0574,1
L0738,CUX1,3,0.05959999999999999,0
L0738,DDX41,1,0.0833,0
L0738,DNMT3A,4,0.059725,0
L0738,EZH2,3,0.11783333333333335,0
L0738,FLT3,1,,1
L0738,GATA2,1,0.8231,1
L0738,IDH1,1,0.3333,0
L0738,IDH2,1,0.1787,1
L0738,JAK2,10,0.13081,0
L0738,KIT,1,0.0588,1
L0738,KMT2A(MLL),6,0.10575000000000001,1
L0738,KRAS,1,0.1333,0
L0738,MPL,1,0.2222,0
L0738,NF1,16,0.0816,3
L0738,NPM1,1,0.4813,0
L0738,NRAS,3,0.06233333333333333,1
L0738,PTPN11,4,0.0617,2
L0738,SMC1A,3,0.06413333333333333,0
L0738,STAG2,4,0.058975,0
L0738,TET2,5,0.07647999999999999,0
L0738,WT1,2,0.0897,1
L0738,ZRSR2,3,0.23173333333333335,0
L0775,ASXL1,1,1.0,1
L0775,BAALC,1,0.0526,0
L0775,BRAF,1,0.0606,0
L0775,CBL,1,0.0526,1
L0775,CUX1,4,0.0683,0
L0775,DDX41,1,0.0571,0
L0775,DNMT3A,3,0.18623333333333333,1
L0775,ETV6,1,0.0732,0
L0775,EZH2,2,0.12179999999999999,0
L0775,FLT3,1,0.0571,0
L0775,GATA2,1,0.0619,0
L0775,IDH1,2,0.05905,0
L0775,IDH2,1,0.3097,1
L0775,JAK2,5,0.08336,0
L0775,KIT,1,0.0676,0
L0775,KMT2A,1,,1
L0775,KMT2A(MLL),9,0.06693333333333334,1
L0775,KRAS,2,0.1548,0
L0775,MPL,1,0.0526,0
L0775,NF1,13,0.18374615384615384,6
L0775,NRAS,2,0.06005,0
L0775,PHF6,2,0.1176,0
L0775,SETBP1,1,0.25,0
L0775,SMC1A,4,0.0756,0
L0775,STAG2,1,0.1176,0
L0775,TET2,3,0.06806666666666666,0
L0775,ZRSR2,1,0.25,0
L0786,ASXL1,5,0.06562,1
L0786,BCOR,12,0.08478333333333334,1
L0786,BRAF,2,0.06459999999999999,1
L0786,CBL,2,0.0737,0
L0786,CSF3R,1,0.3,0
L0786,CUX1,5,0.06454,0
L0786,DNMT3A,3,0.083,0
L0786,EZH2,3,0.20709999999999998,0
L0786,"FAM20C-ENSG00000261795(4878),ENSG00000239715(5070)",1,,0
L0786,FLT3,2,0.2456,1
L0786,GATA2,1,0.2589,1
L0786,JAK2,1,0.1111,0
L0786,KIT,4,0.09687499999999999,0
L0786,KMT2A(MLL),23,0.09776521739130434,1
L0786,KRAS,1,0.0625,0
L0786,MPL,1,0.2222,0
L0786,NF1,7,0.16001428571428572,2
L0786,NRAS,2,0.07335,0
L0786,PHF6,2,0.202,0
L0786,PTPN11,2,0.09545000000000001,0
L0786,SMC1A,7,0.07472857142857144,1
L0786,STAG2,9,0.08784444444444445,0
L0786,TET2,11,0.07527272727272727,0
L0786,U2AF1,1,0.0952,0
L0786,WT1,2,0.07705000000000001,0
L0790,ASXL1,1,0.0588,0
L0790,BRAF,2,0.15165,0
L0790,CEBPA,1,0.0577,0
L0790,CUX1,1,0.05,0
L0790,DDX41,2,0.0637,0
L0790,DNMT3A,2,0.06645,0
L0790,EZH2,4,0.10727500000000001,0
L0790,FLT3,9,0.1182142857142857,3
L0790,IDH2,1,0.4932,1
L0790,JAK2,10,0.06605,0
L0790,KMT2A(MLL),7,0.06885714285714285,0
L0790,NF1,16,0.07874375,6
L0790,NPM1-NSD1,1,,0
L0790,NUP98-NSD1,1,,1
L0790,PHF6,1,0.1429,0
L0790,SF1,1,0.1765,0
L0790,STAG2,1,0.08,0
L0790,STK10-NUP98,1,,0
L0790,TET2,4,0.07845,0
L0790,WT1,4,0.18345,0
L0790,ZRSR2,2,0.0926,0
L0811,ASXL1,4,0.1732,1
L0811,AXL1,1,0.2857,0
L0811,BCOR,7,0.06254285714285714,0
L0811,BRAF,4,0.0746,0
L0811,CBFB-MYH11,1,,1
L0811,CEBPA,1,0.0588,0
L0811,CUX1,2,0.0572,0
L0811,EZH2,5,0.1653,0
L0811,FLT3,2,0.18334999999999999,0
L0811,GATA2,3,0.1581,1
L0811,JAK2,2,0.30024999999999996,1
L0811,KIT,2,0.06785,0
L0811,KMT2A(MLL),12,0.1303,1
L0811,KRAS,1,0.4211,1
L0811,NF1,10,0.14340999999999998,1
L0811,PHF6,1,0.0714,0
L0811,SETBP1,4,0.177075,0
L0811,SMC1A,1,0.0635,0
L0811,U2AF1,1,0.0526,0
L0811,WT1,2,0.11904999999999999,1
L0811,ZRSR2,2,0.09125,0
L0815,ASXL1,1,0.0508,0
L0815,AXL1,2,0.24285,0
L0815,BRAF,1,0.06,0
L0815,CEBPA,2,0.0693,1
L0815,CUX1,1,0.0661,0
L0815,DNMT3A,1,0.0606,0
L0815,EZH2,3,0.09443333333333333,1
L0815,FLT3,1,0.2727,0
L0815,GATA2,2,0.46425,0
L0815,IDH1,2,0.0582,0
L0815,JAK2,1,0.0556,0
L0815,KIT,2,0.12465000000000001,0
L0815,KMT2A(MLL),1,0.1111,0
L0815,KRAS,2,0.09384999999999999,0
L0815,MPL,4,0.17005,1
L0815,NF1,8,0.1256,2
L0815,PHF6,5,0.09834000000000001,0
L0815,SETBP1,2,0.16025,0
L0815,TP53,1,0.8023,1
L0815,ZRSR2,3,0.11506666666666666,0
L1193,ASXL1,2,0.0838,0
L1193,BAALC,1,0.2,0
L1193,BCOR,2,0.07565,0
L1193,BRAF,2,0.07669999999999999,0
L1193,CUX1,1,0.0544,0
L1193,DNMT3A,2,0.25875,1
L1193,EZH2,5,0.06812,0
L1193,FLT3,1,0.1765,0
L1193,IDH1,1,0.4828,0
L1193,IDH2,1,0.4933,1
L1193,KIT,4,0.0849,0
L1193,KMT2A(MLL),10,0.07465,1
L1193,MPL,1,0.2857,0
L1193,NF1,9,0.13803333333333334,6
L1193,NPM1,2,0.3321,1
L1193,PHF6,3,0.07726666666666666,0
L1193,SETBP1,2,0.36665000000000003,1
L1193,STAG2,1,0.0845,0
L1193,WT1,1,0.0909,0
L1193,ZRSR2,3,0.0769,0
L1195,ASXL1,5,0.0586,0
L1195,BCOR,9,0.0677,0
L1195,BRAF,3,0.07943333333333334,0
L1195,CBL,2,0.054849999999999996,1
L1195,CEBPA,4,0.069425,3
L1195,CUX1,2,0.06505,0
L1195,DDX41,1,0.0556,0
L1195,DNMT3A,3,0.06236666666666666,0
L1195,"ENSG00000287991(134375),ENSG00000229402(20496)-CDK6",1,,0
L1195,EZH2,4,0.076925,0
L1195,FLT3,2,0.17859999999999998,0
L1195,GATA2,1,0.9733,1
L1195,IDH1,3,0.06756666666666666,0
L1195,IDH2,1,0.0507,0
L1195,JAK2,5,0.0672,0
L1195,KIT,2,0.05345,0
L1195,KMT2A(MLL),3,0.07626666666666666,0
L1195,KRAS,3,0.15583333333333335,2
L1195,NF1,14,0.10429999999999999,2
L1195,PHF6,3,0.15993333333333334,0
L1195,PTPN11,1,0.0667,0
L1195,RUNX1,3,0.18646666666666667,0
L1195,SETBP1,4,0.308325,1
L1195,SMC1A,3,0.0583,0
L1195,STAG2,4,0.0841,0
L1195,TET2,12,0.06965833333333334,0
L1195,TMEM87B-MERTK,1,,0
L1195,U2AF1,1,0.1667,0
L1195,WT1,1,0.25,0
L1195,ZRSR2,1,0.1667,0
L1217,BCOR,1,0.0688,0
L1217,"ENSG00000285708-IRF2BP2(11923),LINC00184(7210)",1,,0
L1217,ENSG00000285708-LINC00184,1,,0
L1217,EZH2,1,0.0667,1
L1217,FLT3,1,0.3065,0
L1217,"FOXP1-IRF2BP2(11923),LINC00184(7210)",1,,0
L1217,FOXP1-LINC00184,1,,0
L1217,FOXP1-ST3GAL6,1,,0
L1217,HTR1F-CENPE,1,,0
L1217,JAK2,1,0.0662,0
L1217,KIF26B-BANK1,1,,0
L1217,KIT,1,0.0541,0
L1217,KMT2A(MLL),4,0.278175,1
L1217,KRAS,1,0.0541,0
L1217,KYAT3-HEMGN,2,,0
L1217,"LSAMP(104688),RNU6-1200P(300128)-LSAMP",1,,0
L1217,MPL,1,0.6667,0
L1217,NF1,2,0.14024999999999999,1
L1217,NFKB1-ST3GAL6,1,,0
L1217,NID1-TRMT10C,1,,0
L1217,RBMXL1-HEMGN,2,,0
L1217,RUNX1,1,0.4295,0
L1217,"SERBP1-ENSG00000238015(5042),ENSG00000235400(77336)",1,,0
L1217,SETBP1,3,0.21456666666666668,1
L1217,SMYD3-IMPG2,1,,0
L1217,ST3GAL6-NID1,2,,0
L1217,STAG2,2,0.08605,0
L1217,TET2,1,0.4583,0
L1217,"TFG-TUBBP11(99983),RAP1BP2(332144)",1,,0
L1217,U2AF1,1,0.08,0
L1217,ZRSR2,2,0.059300000000000005,0
L1234,ASXL1,11,0.06460909090909091,1
L1234,BCOR,1,0.9829,0
L1234,BRAF,4,0.116725,0
L1234,CBL,3,0.06513333333333333,0
L1234,CEBPA,1,0.0652,0
L1234,CUX1,2,0.0925,0
L1234,DDX41,2,0.08495,0
L1234,DNMT3A,6,0.14238333333333333,1
L1234,EZH2,3,0.09346666666666666,0
L1234,FLT3,3,0.26753333333333335,0
L1234,IDH1,1,0.087,0
L1234,JAK2,7,0.07247142857142856,0
L1234,KIT,5,0.06866,0
L1234,KMT2A(MLL),9,0.06712222222222222,1
L1234,MPL,2,0.1333,0
L1234,NF1,20,0.099685,4
L1234,PTPN11,6,0.07111666666666668,0
L1234,RUNX1,1,0.4854,0
L1234,SETBP1,2,0.16025,0
L1234,SMC1A,4,0.078475,0
L1234,SNAP29-FAM230B,1,,0
L1234,STAG2,11,0.17782727272727272,0
L1234,TET2,6,0.12785,0
L1234,ZRSR2,2,0.16805,0
L1278,ASXL1,1,0.25,0
L1278,AXL1,3,0.3666666666666667,0
L1278,BCOR,2,0.08510000000000001,0
L1278,BRAF,3,0.09806666666666668,0
L1278,CBL,3,0.07293333333333334,0
L1278,CEBPA,3,0.11496666666666666,1
L1278,CSF3R,1,0.0562,0
L1278,CUX1,4,0.06365,0
L1278,DNMT3A,3,0.20676666666666665,2
L1278,EZH2,2,0.08829999999999999,0
L1278,FLT3,2,0.1591,1
L1278,GATA2,1,0.2857,0
L1278,IDH1,1,0.0556,0
L1278,IDH2,1,0.4692,1
L1278,JAK2,3,0.06673333333333333,0
L1278,KMT2A(MLL),8,0.0782625,0
L1278,MPL,2,0.1905,0
L1278,NF1,12,0.10302499999999999,0
L1278,NPM1,1,0.0682,0
L1278,PHF6,3,0.0609,1
L1278,PTPN11,1,0.1316,0
L1278,RUNX1,1,0.595,0
L1278,SETBP1,1,1.0,0
L1278,SMC1A,3,0.05886666666666666,0
L1278,STAG2,3,0.0683,0
L1278,TET2,15,0.06993999999999999,0
L1278,WT1,2,0.06565,0
L1278,ZRSR2,1,0.15,0
L1321,BAALC,1,0.1818,0
L1321,BCOR,5,0.06286,0
L1321,BRAF,2,0.066,0
L1321,CBL,2,0.0545,0
L1321,CEBPA,2,0.1913,1
L1321,DNMT3A,2,0.12675,0
L1321,"ENSG00000242119(39347),MIR5186(26723)-IGSF10",1,,0
L1321,EZH2,7,0.08254285714285714,0
L1321,FLT3,5,0.0885,3
L1321,GATA2,1,0.1793,0
L1321,JAK2,8,0.0636375,0
L1321,KIT,2,0.059649999999999995,0
L1321,KMT2A(MLL),11,0.08017272727272727,3
L1321,KRAS,1,0.0513,0
L1321,NF1,8,0.0784,2
L1321,NPM1,1,0.5528,1
L1321,PHF6,3,0.06853333333333333,0
L1321,SF1,1,0.2075,0
L1321,SMC1A,2,0.07935,0
L1321,STAG2,2,0.063,0
L1321,TET2,3,0.3527666666666667,0
L1321,WT1,1,0.0545,0
L1321,ZRSR2,3,0.15006666666666668,0
L1362,ASXL1,5,0.07143999999999999,0
L1362,BCOR,10,0.13985,0
L1362,BRAF,5,0.12628,1
L1362,CALR,3,0.13786666666666667,0
L1362,CBL,1,0.0741,0
L1362,CEBPA,2,0.07039999999999999,0
L1362,CUX1,6,0.06335,0
L1362,DDX41,4,0.065975,0
L1362,DNMT3A,2,0.1726,0
L1362,EZH2,4,0.1618,0
L1362,GATA2,3,0.08143333333333333,0
L1362,IDH1,1,0.0606,0
L1362,JAK2,8,0.0992375,0
L1362,KMT2A(MLL),25,0.091016,2
L1362,NF1,12,0.162525,2
L1362,PHF6,2,0.27145,0
L1362,PTPN11,6,0.08021666666666667,0
L1362,RUNX1-RUNX1T1,2,,2
L1362,SETBP1,1,1.0,0
L1362,SF3B1,1,0.0625,0
L1362,SMC1A,6,0.08363333333333334,0
L1362,STAG2,13,0.07290769230769231,0
L1362,TET2,20,0.08632999999999999,0
L1362,WT1,2,0.2857,0
L1362,ZRSR2,1,1.0,0
L1387,ASXL1,3,0.07073333333333333,0
L1387,BCOR,6,0.05883333333333333,0
L1387,BRAF,4,0.121025,0
L1387,CBL,6,0.06011666666666666,0
L1387,CEBPA,1,0.5659,0
L1387,CUX1,5,0.06952,0
L1387,"ENSG00000242119(39347),MIR5186(26723)-IGSF10",1,,0
L1387,EZH2,1,0.0833,0
L1387,FLT3,2,0.4342,1
L1387,JAK2,5,0.10591999999999999,0
L1387,KIT,1,0.1087,0
L1387,KMT2A(MLL),20,0.09049,2
L1387,KRAS,1,0.4286,0
L1387,MPL,3,0.11413333333333332,0
L1387,NF1,12,0.084175,2
L1387,NPM1,1,0.4479,1
L1387,PHF6,1,0.0714,0
L1387,PTPN11,2,0.08445,0
L1387,SMC1A,11,0.0638,0
L1387,STAG2,1,0.0571,0
L1387,TET2,3,0.09836666666666667,0
L1387,ZRSR2,3,0.12333333333333334,0
L1393,BRAF,1,0.0602,0
L1393,CEBPA,5,0.07304,2
L1393,CUX1,3,0.06326666666666667,0
L1393,DNMT3A,2,0.2485,1
L1393,EZH2,5,0.08122,0
L1393,FLT3,3,0.286,1
L1393,GATC-COX6A1,1,,0
L1393,IDH1,1,0.4732,1
L1393,JAK2,7,0.06735714285714287,0
L1393,KIT,1,0.1176,0
L1393,KMT2A(MLL),7,0.07008571428571428,1
L1393,MPL,2,0.7,0
L1393,MYC,1,0.0556,0
L1393,NF1,5,0.0803,0
L1393,NPM1,1,0.5789,1
L1393,PHF6,2,0.06475,0
L1393,PTPN11,3,0.07643333333333334,0
L1393,SMC1A,3,0.06393333333333333,0
L1393,STAG2,1,0.0833,0
L1393,WT1,2,0.0976,0
L1393,ZRSR2,4,0.128875,0
L1577,ASXL1,2,0.0542,0
L1577,AXL1,1,0.25,0
L1577,BAALC,2,0.1409,0
L1577,BCOR,3,0.3720666666666667,0
L1577,BRAF,4,0.06355,0
L1577,CEBPA,4,0.083625,2
L1577,CUX1,2,0.054849999999999996,0
L1577,DNMT3A,1,0.0769,0
L1577,EZH2,2,0.09695,0
L1577,FLT3,2,0.06475,0
L1577,GATA2,1,0.5487,1
L1577,IDH1,3,0.06403333333333333,0
L1577,IDH2,1,0.1053,0
L1577,JAK2,2,0.06945000000000001,0
L1577,KMT2A(MLL),10,0.08367,2
L1577,KRAS,1,0.0625,0
L1577,MPL,6,0.06341666666666666,0
L1577,NF1,8,0.1170625,3
L1577,NRAS,1,0.0556,0
L1577,PTPN11,2,0.07,0
L1577,ROCK1-CTNNA2,1,,0
L1577,RUNX1,1,0.1965,0
L1577,SETBP1,1,0.08,0
L1577,SMAD4-KCTD1,1,,0
L1577,"SMAD4-LINC00470(11986),ENSG00000266602(88692)",1,,0
L1577,SMC1A,1,0.0556,0
L1577,TET2,1,0.0556,0
L1577,TP53,1,0.375,1
L1577,WT1,1,0.3333,0
L1577,ZRSR2,2,0.1389,0
L1625,ASXL1,3,0.06683333333333334,0
L1625,AXL1,1,0.6667,0
L1625,BCOR,1,0.0526,0
L1625,BRAF,2,0.0569,0
L1625,CEBPA,8,0.178425,0
L1625,CSF3R,1,0.0607,0
L1625,CUX1,1,0.0748,0
L1625,EZH2,1,0.0571,0
L1625,FLT3,1,0.1088,0
L1625,GATA2,1,0.0659,0
L1625,JAK2,3,0.08336666666666666,0
L1625,KMT2A(MLL),4,0.099625,1
L1625,MPL,4,0.10364999999999999,0
L1625,NF1,9,0.05908888888888889,2
L1625,PTPN11,1,0.0588,0
L1625,RAF1-TMEM40,1,,0
L1625,SETBP1,2,0.375,0
L1625,SMC1A,6,0.07123333333333333,0
L1625,STAG2,1,0.0588,0
L1625,TET2,5,0.05898,0
L1625,WT1,1,1.0,0
L1625,ZRSR2,4,0.07339999999999999,0
L1635,ASXL1,1,0.5714,0
L1635,BCOR,1,0.0588,0
L1635,BRAF,4,0.0742,0
L1635,CALR,1,0.2857,0
L1635,CUX1,3,0.05266666666666667,0
L1635,ETV6,1,0.0674,0
L1635,EZH2,1,0.0938,0
L1635,FLT3,1,0.1176,0
L1635,KIT,1,0.0606,0
L1635,KMT2A(MLL),9,0.1300222222222222,1
L1635,KRAS,1,0.0625,0
L1635,NF1,12,0.06695,3
L1635,NRAS,1,0.4394,1
L1635,PHF6,1,0.0645,0
L1635,SF3B1,1,0.0643,0
L1635,TET2,2,0.51285,0
L1635,U2AF1,1,0.1053,0
L1635,ZRSR2,1,0.0769,0
L1662,BCOR,3,0.07123333333333333,1
L1662,CEBPA,5,0.08502,2
L1662,CUX1,2,0.06534999999999999,0
L1662,DEK-NUP214,1,,1
L1662,"ENSG00000242119(39347),MIR5186(26723)-IGSF10",1,,0
L1662,ETV6,1,0.0581,0
L1662,FLT3,3,0.5161,2
L1662,JAK2,2,0.057550000000000004,0
L1662,KMT2A(MLL),4,0.07605,0
L1662,MPL,3,0.06613333333333334,0
L1662,NF1,8,0.07535,0
L1662,NUP214-DEK,1,,0
L1662,PHF6,1,0.0526,0
L1662,SETBP1,2,0.83335,0
L1662,SF1,1,0.0722,0
L1662,SMC1A,2,0.054099999999999995,0
L1662,STAG2,2,0.06165,0
L1662,WT1,2,0.06559999999999999,1
L1662,ZRSR2,4,0.0922,0
L1795,BRAF,2,0.10114999999999999,0
L1795,CEBPA,4,0.120175,1
L1795,CUX1,2,0.051699999999999996,0
L1795,DNMT3A,1,0.0513,0
L1795,EZH2,2,0.06275,0
L1795,FLT3,2,0.3333,1
L1795,IDH1,1,0.0833,0
L1795,IDH2,1,0.3333,0
L1795,"IL27RA-RFX1(3971),RLN3(17138)",1,,0
L1795,KMT2A(MLL),6,0.16496666666666668,1
L1795,MPL,2,0.0569,1
L1795,NF1,7,0.14375714285714286,3
L1795,NUP98-NSD1,1,,1
L1795,PHF6,1,0.0769,0
L1795,SETBP1,1,1.0,0
L1795,SMC1A,4,0.13929999999999998,0
L1795,SRSF2,1,0.0568,0
L1795,STAG2,1,0.0857,0
L1795,WT1,1,0.0638,0
L1795,ZRSR2,4,0.078125,0
L1865,ASXL1,7,0.06841428571428572,2
L1865,BAALC,1,0.125,0
L1865,BCOR,1,0.9524,0
L1865,BRAF,3,0.0705,0
L1865,CBL,1,0.0667,0
L1865,CUX1,1,0.0606,0
L1865,DDX41,1,0.0566,0
L1865,DNMT3A,1,0.0645,0
L1865,EZH2,2,0.0757,0
L1865,FLT3,3,0.16945000000000002,1
L1865,JAK2,3,0.06516666666666666,0
L1865,KIT,1,0.08,0
L1865,KMT2A(MLL),9,0.08194444444444444,0
L1865,MPL,6,0.07155,0
L1865,NF1,11,0.07026363636363636,5
L1865,NPM1,2,0.4788,1
L1865,PHF6,4,0.0765,0
L1865,PTPN11,1,0.0625,0
L1865,SETBP1,2,1.0,0
L1865,SMC1A,5,0.059219999999999995,0
L1865,STAG2,2,0.05515,0
L1865,TET2,6,0.0557,0
L1865,WT1,2,0.09104999999999999,0
L1865,ZRSR2,3,0.2490666666666667,0
L1878,ASXL1,3,0.06966666666666667,0
L1878,BCOR,6,0.06983333333333333,1
L1878,CBL,8,0.072825,0
L1878,CEBPA,2,0.06305,0
L1878,CSF3R,1,0.0654,0
L1878,CUX1,2,0.08265,0
L1878,DDX41,2,0.05565,0
L1878,"ENSG00000242119(39347),MIR5186(26723)-IGSF10",1,,0
L1878,EZH2,3,0.11043333333333333,0
L1878,FLT3,2,0.3739,1
L1878,IDH1,2,0.2857,1
L1878,JAK2,9,0.101,0
L1878,KIT,2,0.0839,0
L1878,KMT2A(MLL),15,0.06892666666666666,1
L1878,KRAS,2,0.1344,1
L1878,MPL,2,0.11145,0
L1878,NF1,11,0.07617272727272727,5
L1878,NPM1,1,0.4824,1
L1878,NRAS,1,0.0667,1
L1878,PHF6,1,0.0556,0
L1878,PTPN11,1,0.0667,0
L1878,SMC1A,7,0.06575714285714286,0
L1878,STAG2,8,0.201375,0
L1878,TET2,8,0.072675,0
L1878,WT1,1,0.0714,0
L1932,ASMTL-P2RY8,1,,0
L1932,ASXL1,2,0.43525,2
L1932,BCOR,1,0.0625,0
L1932,BRAF,1,0.0615,0
L1932,CEBPA,1,0.0707,1
L1932,CUX1,1,0.067,0
L1932,DDX41,1,0.4211,0
L1932,DNMT3A,4,0.0713,0
L1932,EZH2,4,0.15465,0
L1932,IDH1,1,0.5714,1
L1932,JAK2,9,0.08567777777777778,0
L1932,KMT2A(MLL),5,0.07958000000000001,0
L1932,KRAS,2,0.10115,0
L1932,NF1,1,0.0846,0
L1932,SMC1A,1,0.0607,0
L1932,TET2,7,0.07112857142857143,0
L1932,U2AF1,1,0.069,0
L1932,ZRSR2,4,0.12365,0
L1960,BCOR,1,0.9078,0
L1960,BRAF,3,0.07193333333333334,0
L1960,CBL,1,0.0714,0
L1960,CEBPA,1,0.0588,0
L1960,CUX1,3,0.06496666666666666,0
L1960,DNMT3A,3,0.22066666666666668,1
L1960,GATA2,2,0.0579,0
L1960,IDH1,1,0.0526,0
L1960,JAK2,1,0.0645,0
L1960,KIT,3,0.05736666666666667,0
L1960,KMT2A(MLL),5,0.10164,1
L1960,KRAS,1,0.0667,0
L1960,MPL,2,0.05905,0
L1960,NF1,7,0.08218571428571429,3
L1960,PHF6,1,0.0667,0
L1960,PTPN11,1,0.2917,1
L1960,RUNX1,2,0.45499999999999996,0
L1960,SETBP1,1,0.4783,1
L1960,SRSF2,1,0.307,0
L1960,STAG2,1,0.0667,1
L1960,TET2,8,0.07185,0
L1960,ZRSR2,3,0.1494,0
L1973,ASXL1,1,0.2333,1
L1973,BCOR,6,0.0848,0
L1973,BRAF,5,0.1021,0
L1973,CBL,2,0.05345,0
L1973,CEBPA,5,0.1499,2
L1973,CUX1,4,0.231175,0
L1973,EZH2,5,0.059340000000000004,0
L1973,FLT3,1,0.4609,1
L1973,GATA2,4,0.053725,0
L1973,IDH1,1,0.0769,0
L1973,JAK2,2,0.0687,0
L1973,KIT,1,0.0952,0
L1973,KMT2A(MLL),10,0.09094,1
L1973,NF1,19,0.08131052631578947,5
L1973,NOMO3-ENSG00000260126,1,,0
L1973,PTPN11,1,0.0909,0
L1973,RUNX1-RUNX1T1,3,,3
L1973,SETBP1,2,0.17145,0
L1973,SF1,2,0.3863,0
L1973,STAG2,1,0.0625,0
L1973,TP53,1,0.055,0
L1973,ZRSR2,1,0.0714,0
L2015,ASXL1,2,0.1442,0
L2015,AXL1,2,0.27145,0
L2015,BAALC,1,0.2222,0
L2015,BCOR,1,0.0851,0
L2015,BRAF,3,0.0604,1
L2015,CEBPA,1,0.0526,0
L2015,CUX1,1,0.0645,0
L2015,EZH2,2,0.12705,0
L2015,JAK2,6,0.09328333333333333,0
L2015,KMT2A(MLL),13,0.07290769230769231,3
L2015,KRAS,2,0.10045,0
L2015,"MXD3-KU-MEL-3(23994),PSMC1P11(66550)",1,,0
L2015,NF1,11,0.15421818181818184,1
L2015,NPM1,1,0.439,1
L2015,PHF6,1,0.087,0
L2015,RUNX1,1,0.5049,0
L2015,SMC1A,3,0.07026666666666666,0
L2015,STAG2,1,0.0949,0
L2015,TET2,2,0.09965,0
L2015,U2AF1,1,0.1513,0
L2015,WT1,1,0.0541,0
L2048,ASXL1,14,0.11367142857142856,2
L2048,BCOR,6,0.09388333333333333,0
L2048,BRAF,4,0.127975,2
L2048,CBL,2,0.077,0
L2048,CEBPA,1,0.129,1
L2048,CUX1,4,0.07665,0
L2048,DDX41,2,0.2157,0
L2048,DNMT3A,9,0.09397777777777777,1
L2048,EZH2,1,0.1667,0
L2048,FLT3,9,0.144025,1
L2048,IDH1,1,0.1,0
L2048,JAK2,7,0.0764,0
L2048,KIT,3,0.08416666666666667,2
L2048,KMT2A(MLL),25,0.105836,1
L2048,MPL,3,0.10556666666666666,0
L2048,NF1,8,0.181225,4
L2048,NPM1,1,0.4091,1
L2048,NRAS,2,0.2935,1
L2048,PHF6,2,0.11435000000000001,0
L2048,PTPN11,2,0.16665000000000002,0
L2048,SF1,2,0.37925,0
L2048,SF3B1,2,0.27365,1
L2048,SMC1A,9,0.09521111111111111,0
L2048,STAG2,11,0.0907090909090909,0
L2048,TET2,3,0.0718,0
L2048,TP53,1,0.1176,1
L2048,ZRSR2,1,0.125,0
L2130,ASXL1,2,0.0868,1
L2130,BCOR,2,0.0923,0
L2130,BCR-ABL1,1,,1
L2130,BRAF,4,0.105725,0
L2130,CBL,1,0.0508,0
L2130,CEBPA,5,0.09912,0
L2130,CUX1,3,0.06213333333333334,0
L2130,DNMT3A,2,0.06559999999999999,0
L2130,EZH2,3,0.05516666666666667,0
L2130,FLT3,2,0.062,0
L2130,IDH1,2,0.26025,1
L2130,JAK2,5,0.06235999999999999,0
L2130,KIT,5,0.10454,0
L2130,KMT2A(MLL),7,0.08884285714285714,2
L2130,KRAS,2,0.0988,0
L2130,MYC,1,0.0504,0
L2130,NF1,5,0.18418,2
L2130,PHF6,3,0.08556666666666667,0
L2130,PTPN11,1,0.0513,0
L2130,SF1,1,0.0617,0
L2130,SF3B1,1,0.0751,0
L2130,SMC1A,4,0.060675,0
L2130,TET2,6,0.06763333333333334,0
L2311,AXL1,1,0.5,0
L2311,BRAF,4,0.0878,0
L2311,CEBPA,4,0.128525,2
L2311,CUX1,2,0.059500000000000004,0
L2311,DNMT3A,1,0.5733,1
L2311,EZH2,6,0.0702,0
L2311,FLT3,2,0.06785,0
L2311,GATA2,1,0.0577,0
L2311,IDH2,1,0.5175,1
L2311,KMT2A,2,,2
L2311,KMT2A(MLL),4,0.0805,0
L2311,MPL,5,0.15298,0
L2311,NF1,4,0.172975,0
L2311,PHF6,2,0.059,0
L2311,SETBP1,8,0.08895,0
L2311,SF3B1,2,0.0565,0
L2311,SRSF2,1,0.0543,0
L2311,STAG2,1,0.0584,0
L2311,WT1,2,0.07289999999999999,0
L2311,ZRSR2,3,0.11083333333333334,0
L2355,ASXL1,2,0.05365,0
L2355,AXL1,1,0.125,0
L2355,BAALC,1,0.0578,0
L2355,BCOR,8,0.057800000000000004,0
L2355,BRAF,2,0.06905,0
L2355,CBFB-MYH11,1,,1
L2355,CEBPA,2,0.08495,2
L2355,CUX1,1,0.0549,0
L2355,EZH2,2,0.14955000000000002,0
L2355,GATA2,2,0.0581,0
L2355,KIT,2,0.1062,1
L2355,KMT2A(MLL),9,0.07103333333333334,0
L2355,MPL,3,0.09363333333333333,0
L2355,NF1,16,0.12233125,5
L2355,PHF6,5,0.0612,2
L2355,PTPN11,1,0.0556,0
L2355,SETBP1,5,0.25938,1
L2355,SF3B1,1,0.0515,0
L2355,WT1,5,0.08177999999999999,1
L2355,ZRSR2,1,0.0588,0
L2431,ASXL1,1,0.0526,0
L2431,BCOR,5,0.06372,1
L2431,CEBPA,2,0.06905,0
L2431,CUX1,3,0.05756666666666666,0
L2431,DDX41,2,0.08655,0
L2431,EZH2,2,0.1667,0
L2431,GATA2,2,0.06914999999999999,1
L2431,IDH1,2,0.08925,0
L2431,KMT2A(MLL),14,0.06942857142857142,1
L2431,KRAS,1,0.0612,0
L2431,NF1,16,0.07430625,3
L2431,SETBP1,2,0.188,0
L2431,SF1,1,0.0994,0
L2431,SMC1A,7,0.07748571428571428,0
L2431,TP53,2,0.36365,0
L2431,ZRSR2,3,0.08033333333333333,0
L2440,AXL1,1,0.4,0
L2440,BRAF,2,0.06675,0
L2440,CEBPA,1,0.0506,1
L2440,CUX1,3,0.0819,0
L2440,ENSG00000234129-MID1,1,,0
L2440,EZH2,1,0.0625,0
L2440,FLT3,2,0.25515,0
L2440,GATA2,3,0.0944,0
L2440,JAK2,2,0.08990000000000001,0
L2440,KMT2A(MLL),3,0.09006666666666667,0
L2440,KRAS,2,0.0741,0
L2440,NF1,8,0.0623,1
L2440,SETBP1,6,0.15251666666666666,1
L2440,STAG2,1,0.0744,0
L2440,TET2,5,0.06312,0
L2440,TP53,1,0.898,1
L2440,WT1,2,0.0638,1
L2440,ZRSR2,1,0.0588,0
L2449,ASXL1,1,0.3333,0
L2449,CBL,1,0.6667,0
L2449,CSF3R,4,0.19290000000000002,1
L2449,CUX1,1,0.3333,0
L2449,DDX41,1,0.5,0
L2449,ETV6,1,0.25,0
L2449,EZH2,1,0.5,0
L2449,IDH2,2,0.1497,0
L2449,KIT,2,0.21589999999999998,0
L2449,MYC,1,0.0667,0
L2449,NF1,2,0.4,0
L2449,PHF6,1,0.5,0
L2449,RUNX1,1,0.0741,0
L2449,SF1,1,0.1429,0
L2449,SF3B1,1,0.1765,0
L2449,SMC1A,2,0.66665,0
L2449,SRSF2,2,0.23809999999999998,0
L2449,TET2,1,0.4,0
L2494,BRAF,1,0.0769,0
L2494,CEBPA,4,0.25495,1
L2494,CUX1,1,0.053,0
L2494,DDX41,1,0.5298,1
L2494,EZH2,1,0.098,0
L2494,FLT3,2,0.17015,1
L2494,IDH1,1,0.5615,0
L2494,KMT2A(MLL),8,0.151125,1
L2494,LONP1-ENSG00000267709,1,,0
L2494,NF1,5,0.06584,0
L2494,PML-RARA,1,,1
L2494,SETBP1,1,0.5,0
L2494,SF3B1,1,0.0689,0
L2494,TET2,1,0.4762,0
L2494,WT1,3,0.20810000000000003,0
L2494,ZRSR2,2,0.19369999999999998,0
L2536,ASXL1,5,0.0676,1
L2536,BCOR,6,0.07871666666666667,0
L2536,BRAF,1,0.0741,0
L2536,CEBPA,2,0.06559999999999999,2
L2536,CUX1,2,0.06875,0
L2536,DDX41,6,0.0687,1
L2536,DNMT3A,4,0.05675,0
L2536,ETV6,1,0.0833,0
L2536,EZH2,6,0.09319999999999999,1
L2536,FLT3,4,0.2135,0
L2536,IDH1,1,0.0513,0
L2536,JAK2,4,0.104725,1
L2536,KIT,3,0.1952,0
L2536,KMT2A(MLL),22,0.07313181818181819,1
L2536,MPL,2,0.0839,0
L2536,NF1,13,0.09824615384615386,3
L2536,NRAS,1,0.0625,0
L2536,PTPN11,3,0.06716666666666667,0
L2536,SF3B1,1,0.0503,0
L2536,SMC1A,3,0.058600000000000006,0
L2536,TET2,4,0.053125000000000006,0
L2536,TP53,3,0.2379,1
L2536,U2AF1,1,0.4719,1
L2536,ZRSR2,3,0.19446666666666665,0
L2537,ASXL1,9,0.09633333333333333,0
L2537,BCOR,12,0.09245833333333332,0
L2537,BRAF,3,0.38926666666666665,0
L2537,CALR,1,0.0513,0
L2537,CBL,7,0.07042857142857142,0
L2537,CEBPA,1,0.1111,0
L2537,CSF3R,4,0.06762499999999999,0
L2537,CUX1,3,0.07953333333333333,0
L2537,DDX41,3,0.07936666666666667,0
L2537,DNMT3A,2,0.0641,0
L2537,ETV6,3,0.0551,0
L2537,EZH2,4,0.08355,0
L2537,FLT3,1,0.0909,0
L2537,GATA2,5,0.19802,1
L2537,IDH1,1,0.125,0
L2537,JAK2,3,0.3108666666666667,1
L2537,KMT2A(MLL),19,0.07460526315789473,0
L2537,MYC,1,0.0833,0
L2537,NF1,9,0.2491888888888889,4
L2537,NRAS,1,0.1034,1
L2537,PHF6,1,0.0769,1
L2537,PTPN11,1,0.0741,0
L2537,SETBP1,3,0.6333333333333333,0
L2537,SF3B1,2,0.05365,0
L2537,SMC1A,2,0.06005,0
L2537,STAG2,3,0.07683333333333334,0
L2537,TET2,4,0.7,0
L2537,TP53,2,0.2169,0
L2537,WT1,1,0.2857,0
L2537,ZRSR2,4,0.09775,0
L2550,ASXL1,4,0.071675,0
L2550,BCOR,5,0.06694,0
L2550,BRAF,4,0.1026,0
L2550,CEBPA,1,0.0645,0
L2550,CUX1,8,0.0760125,0
L2550,DNMT3A,3,0.1291,0
L2550,ENSG00000285827-MLLT10,1,,1
L2550,EZH2,3,0.06776666666666666,0
L2550,FLT3,1,0.4759,1
L2550,GATA2,1,1.0,1
L2550,JAK2,2,0.0608,0
L2550,KIT,2,0.1818,1
L2550,KMT2A(MLL),14,0.1289642857142857,1
L2550,KMT2A-MLLT10,1,,1
L2550,MLLT10-KDM2A,1,,0
L2550,NF1,14,0.12041428571428571,2
L2550,NRAS,1,0.0606,0
L2550,PHF6,1,0.1429,0
L2550,PTPN11,1,0.0645,0
L2550,SETBP1,1,0.6667,0
L2550,SMC1A,6,0.05938333333333334,0
L2550,STAG2,7,0.0749,0
L2550,TET2,8,0.060774999999999996,0
L2550,ZRSR2,2,0.10025,0
L2575,ASXL1,6,0.07375,2
L2575,BCOR,4,0.088975,0
L2575,BRAF,2,0.07544999999999999,0
L2575,CUX1,6,0.07271666666666667,0
L2575,DDX41,1,0.08,0
L2575,DNMT3A,7,0.1168,1
L2575,EZH2,4,0.1241,0
L2575,FLT3,1,0.0645,0
L2575,IDH2,1,0.4568,1
L2575,JAK2,1,0.0853,0
L2575,KMT2A(MLL),6,0.06926666666666666,0
L2575,MPL,2,0.43335,0
L2575,NF1,9,0.1671888888888889,3
L2575,NPM1,1,0.3371,1
L2575,PHF6,3,0.0732,0
L2575,PTPN11,4,0.058374999999999996,0
L2575,SETBP1,1,0.3333,0
L2575,SF1,1,0.1471,0
L2575,STAG2,2,0.1176,0
L2575,WT1,1,0.5,0
L2575,ZRSR2,7,0.11827142857142857,0
L2595,ASXL1,1,0.0571,0
L2595,AXL1,1,0.25,0
L2595,BCOR,8,0.059725,0
L2595,BRAF,4,0.066225,0
L2595,CBL,1,0.0943,1
L2595,CUX1,5,0.07830000000000001,0
L2595,DNMT3A,3,0.0659,0
L2595,EZH2,11,0.0723090909090909,0
L2595,FLT3,2,0.0579,1
L2595,GATA2,1,0.1087,0
L2595,JAK2,8,0.0575625,0
L2595,KIT,7,0.07179999999999999,2
L2595,KMT2A(MLL),15,0.08379333333333333,0
L2595,NF1,14,0.12737142857142858,5
L2595,NUP98-NSD1,1,,1
L2595,PHF6,3,0.0722,1
L2595,SETBP1,1,1.0,0
L2595,SMC1A,3,0.06683333333333334,0
L2595,STAG2,1,0.0606,0
L2595,TET2,1,0.0513,0
L2595,WT1,5,0.10400000000000001,1
L2595,ZRSR2,5,0.12676,0
L2737,ASXL1,1,0.0588,0
L2737,BRAF,3,0.07103333333333334,0
L2737,CEBPA,2,0.05885,0
L2737,CUX1,2,0.0639,0
L2737,DDX41,1,0.0615,0
L2737,DNMT3A,1,0.1333,0
L2737,EZH2,7,0.06691428571428572,0
L2737,FLT3,3,0.19845000000000002,1
L2737,JAK2,1,0.0513,0
L2737,KIT,1,0.0638,0
L2737,KMT2A(MLL),9,0.0691888888888889,1
L2737,NF1,9,0.05857777777777778,2
L2737,NPM1,1,0.4338,1
L2737,NRAS,2,0.2663,1
L2737,SMC1A,2,0.056749999999999995,0
L2737,WT1,2,0.074,0
L2737,ZRSR2,3,0.12363333333333333,0
L2764,ASXL1,1,0.0714,0
L2764,BCOR,2,0.0629,0
L2764,BRAF,2,0.062,0
L2764,CALR,1,0.4907,0
L2764,CBL,1,0.0685,1
L2764,CEBPA,2,0.0639,1
L2764,CUX1,3,0.058133333333333335,0
L2764,DNMT3A,1,0.0667,0
L2764,EZH2,7,0.05670000000000001,0
L2764,IDH1,1,0.1905,0
L2764,JAK2,4,0.0748,0
L2764,KMT2A(MLL),6,0.1779333333333333,2
L2764,MPL,1,0.4186,1
L2764,NF1,10,0.07561999999999999,1
L2764,PHF6,2,0.06305,0
L2764,RUNX1-RUNX1T1,2,,2
L2764,SF1,1,0.0992,0
L2764,SMC1A,3,0.0716,0
L2764,STAG2,3,0.12380000000000001,0
L2764,"STAG2-ENSG00000229733(1953),TUBB4AP1(1105)",1,,0
L2764,STAG2-GRIA3,1,,0
L2764,"STAG2-GRIA3(13516),H3P47(10042)",1,,0
L2764,TET2,4,0.166,0
L2764,ZRSR2,2,0.1632,0
L2806,BCOR,8,0.0626625,0
L2806,BRAF,3,0.062,0
L2806,CEBPA,3,0.05803333333333333,3
L2806,CUX1,2,0.06,0
L2806,DNMT3A,1,0.0588,0
L2806,EZH2,1,0.0513,0
L2806,FLT3,3,0.08366666666666667,0
L2806,GATA2,1,0.0526,0
L2806,JAK2,2,0.06905,0
L2806,KIT,1,0.4215,1
L2806,KMT2A(MLL),5,0.21023999999999998,1
L2806,NF1,12,0.06543333333333333,5
L2806,PTPN11,1,0.0533,0
L2806,RUNX1-RUNX1T1,4,,4
L2806,SMC1A,2,0.0571,0
L2806,TET2,1,0.0769,0
L2806,WT1,1,0.2857,0
L2806,ZRSR2,4,0.11375,0
L2844,ASXL1,1,0.5,1
L2844,BCOR,3,0.05786666666666666,1
L2844,BRAF,3,0.07653333333333333,0
L2844,CBL,1,0.0567,0
L2844,CEBPA,2,0.07189999999999999,2
L2844,CUX1,3,0.06573333333333332,0
L2844,DNMT3A,2,0.27425,1
L2844,EZH2,1,0.0769,0
L2844,FLT3,2,0.06215,0
L2844,GATA2,2,0.64285,1
L2844,IDH2,1,0.5222,1
L2844,"KANSL1-ENSG00000280022(5129),MAPK8IP1P2(2371)",1,,0
L2844,KIT,1,0.0541,0
L2844,KMT2A(MLL),3,0.1135,0
L2844,KRAS,1,0.0833,0
L2844,MPL,2,0.39285000000000003,0
L2844,NF1,26,0.06819230769230769,8
L2844,PTPN11,1,0.0519,1
L2844,RUNX1,2,0.46855,0
L2844,SETBP1,3,0.05893333333333334,0
L2844,SF1,1,0.1923,0
L2844,SMC1A,2,0.05725,0
L2844,STAG2,2,0.0778,0
L2844,TET2,2,0.06905,0
L2844,WT1,1,0.08,1
L2844,ZRSR2,4,0.1135,0
L2856,ASXL1,2,0.05955,0
L2856,BCOR,8,0.071525,1
L2856,BRAF,5,0.08044,1
L2856,CUX1,5,0.07874,0
L2856,CYTH1-NCOR1,1,,0
L2856,DDX41,5,0.061439999999999995,0
L2856,DNMT3A,3,0.06703333333333333,1
L2856,FLT3,1,0.0923,0
L2856,HELZ-RPRD1B,1,,0
L2856,IDH1,1,0.0741,0
L2856,JAK2,1,0.0714,0
L2856,KIT,1,0.0526,0
L2856,KMT2A(MLL),4,0.074825,1
L2856,KRAS,1,0.0714,0
L2856,NF1,8,0.28325,2
L2856,PHF6,2,0.0693,0
L2856,SEC14L1-PRB1,1,,0
L2856,SETBP1,4,0.36067499999999997,0
L2856,SETD5-GLYCTK,1,,0
L2856,SMC1A,3,0.07346666666666667,1
L2856,STAG2,2,0.0574,0
L2856,STX5-SNHG1,1,,0
L2856,TET2,1,0.0571,0
L2856,TP53,2,0.4072,2
L2856,ZNF384-EFCAB9,1,,0
L2856,ZRSR2,1,0.087,0
L2880,ASXL1,2,0.06484999999999999,0
L2880,BCOR,12,0.07691666666666667,0
L2880,BRAF,5,0.14054,0
L2880,CEBPA,2,0.08205,1
L2880,CUX1,2,0.0759,0
L2880,DNMT3A,3,0.18853333333333333,0
L2880,ETV6,1,0.0652,0
L2880,EZH2,5,0.12245999999999999,0
L2880,FLT3,1,0.0506,0
L2880,IDH1,1,0.0588,0
L2880,JAK2,4,0.064875,0
L2880,KMT2A(MLL),9,0.07612222222222223,0
L2880,MPL,3,0.16943333333333332,0
L2880,NF1,10,0.08568,2
L2880,NRAS,3,0.059133333333333336,1
L2880,PHF6,2,0.14545,0
L2880,PTPN11,4,0.23385,2
L2880,RUNX1,2,0.40535,0
L2880,SETBP1,2,0.15715,0
L2880,SMC1A,2,0.0532,0
L2880,STAG2,1,0.0769,0
L2880,TET2,8,0.2971375,2
L2880,U2AF1,1,0.4796,1
L2880,WT1,2,0.2361,0
L2880,ZRSR2,2,0.10535,0
L2920,BCOR,3,0.08343333333333332,0
L2920,BRAF,1,0.0571,0
L2920,CUX1,2,0.05515,0
L2920,DNMT3A,1,0.082,0
L2920,EZH2,3,0.0909,0
L2920,FLT3,2,0.16915,0
L2920,GATA2,1,0.125,0
L2920,JAK2,1,0.0595,0
L2920,KMT2A(MLL),6,0.07486666666666666,0
L2920,MPL,2,0.1905,0
L2920,NF1,2,0.09455,0
L2920,PHF6,3,0.060733333333333334,0
L2920,PML-RARA,2,,2
L2920,SETBP1,1,1.0,0
L2920,SF3B1,2,0.11535,0
L2920,SMC1A,1,0.0952,0
L2920,STAG2,1,0.0619,0
L2920,TET2,2,0.2603,0
L2920,WT1,3,0.0819,1
L2920,ZRSR2,5,0.08338,0
L2976,BCOR,3,0.05573333333333333,0
L2976,BRAF,3,0.06413333333333333,0
L2976,CEBPA,3,0.0705,1
L2976,CUX1,1,0.0582,0
L2976,GATA2,2,0.09004999999999999,1
L2976,JAK2,1,0.0609,0
L2976,KIT,7,0.09507142857142857,1
L2976,KMT2A(MLL),4,0.092775,1
L2976,NF1,2,0.2959,1
L2976,NRIP1-MIR99AHG,7,,0
L2976,PTPN11,1,0.5189,1
L2976,RUNX1,1,1.0,0
L2976,SETBP1,5,0.13652,1
L2976,SRSF2,1,0.4206,1
L2976,STAG2,1,0.0714,0
L2976,TET2,2,0.0534,0
L2976,ZRSR2,2,0.10750000000000001,0
L3018,ASXL1,8,0.0749,1
L3018,BCOR,6,0.08961666666666668,1
L3018,BRAF,3,0.0803,1
L3018,CSF3R,1,0.2653,0
L3018,CUX1,4,0.077275,0
L3018,DDX41,2,0.08635,0
L3018,DNMT3A,6,0.09000000000000001,0
L3018,EZH2,3,0.10426666666666666,0
L3018,FLT3,1,0.0588,0
L3018,GATA2,1,0.075,0
L3018,JAK2,1,0.5079,0
L3018,KIT,3,0.12803333333333333,1
L3018,KMT2A(MLL),31,0.09219677419354838,2
L3018,KRAS,2,0.054849999999999996,0
L3018,MPL,1,0.3333,0
L3018,MYC,2,0.05755,0
L3018,NF1,15,0.11602,4
L3018,NRAS,1,0.0667,1
L3018,PHF6,2,0.14584999999999998,0
L3018,PTPN11,3,0.0649,0
L3018,RUNX1-RUNX1T1,1,,1
L3018,SETBP1,1,0.5,0
L3018,SF1,1,0.0504,0
L3018,SMC1A,4,0.05995,0
L3018,STAG2,1,0.0506,0
L3018,TET2,3,0.05726666666666667,0
L3018,ZRSR2,1,0.087,0
L3070,ASXL1,5,0.06384,0
L3070,BAALC,2,0.13025,0
L3070,BCOR,5,0.05996,0
L3070,BCR-ABL1,1,,1
L3070,BRAF,2,0.075,0
L3070,CBL,2,0.0739,0
L3070,CEBPA,1,0.0588,0
L3070,CUX1,4,0.082,0
L3070,DNMT3A,3,0.06516666666666666,0
L3070,EZH2,9,0.07529999999999999,0
L3070,JAK2,3,0.056266666666666666,0
L3070,KIT,2,0.13395,0
L3070,KMT2A(MLL),6,0.20108333333333336,1
L3070,KRAS,1,0.0769,0
L3070,MPL,2,0.1059,0
L3070,NF1,13,0.11965384615384617,3
L3070,PHF6,1,0.08,0
L3070,SETBP1,1,0.3333,0
L3070,SMC1A,7,0.060957142857142856,0
L3070,STAG2,2,0.0824,0
L3070,WT1,1,0.4,0
L3106,ASXL1,1,0.0741,1
L3106,BCOR,4,0.102225,0
L3106,BRAF,2,0.09820000000000001,1
L3106,CBL,1,0.0784,1
L3106,CUX1,1,0.6923,0
L3106,EZH2,6,0.08900000000000001,2
L3106,FLT3,2,0.0932,0
L3106,GATA2,1,1.0,1
L3106,IDH1,4,0.09345,0
L3106,JAK2,3,0.05846666666666667,0
L3106,KIT,1,0.0656,0
L3106,KMT2A(MLL),9,0.09198888888888888,0
L3106,MPL,1,0.2222,0
L3106,NF1,12,0.06345833333333332,1
L3106,PHF6,2,0.1699,0
L3106,PML-RARA,1,,1
L3106,SF3B1,2,0.1185,0
L3106,SMC1A,4,0.0673,0
L3106,WT1,1,0.087,1
L3106,ZRSR2,4,0.1429,0
L3113B,ASXL1,1,0.0606,0
L3113B,AXL1,2,0.325,0
L3113B,BCOR,8,0.10413750000000001,0
L3113B,BRAF,1,0.0732,0
L3113B,CBL,1,0.0714,1
L3113B,CEBPA,1,0.0769,1
L3113B,CUX1,4,0.119175,0
L3113B,DDX41,1,0.0588,0
L3113B,EZH2,5,0.07158,0
L3113B,FLT3,2,0.11485000000000001,0
L3113B,JAK2,1,0.0513,0
L3113B,KIT,2,0.136,0
L3113B,KMT2A(MLL),1,0.0991,0
L3113B,KRAS,1,0.0682,0
L3113B,MPL,1,0.3333,0
L3113B,NF1,12,0.08081666666666666,4
L3113B,PHF6,3,0.09856666666666668,0
L3113B,RUNX1,1,0.7247,0
L3113B,SETBP1,6,0.06515,0
L3113B,SF1,1,0.1546,0
L3113B,SF3B1,2,0.14615,1
L3113B,SMC1A,8,0.067925,0
L3113B,STAG2,1,0.0637,0
L3113B,TET2,10,0.08788,0
L3160,ASXL1,5,0.07124,0
L3160,AXL1,4,0.10667499999999999,0
L3160,BCOR,2,0.08,0
L3160,BRAF,1,0.0606,0
L3160,CBL,1,0.0714,0
L3160,CUX1,2,0.2167,0
L3160,EZH2,1,0.0597,0
L3160,FLT3,2,0.22920000000000001,0
L3160,JAK2,6,0.09538333333333333,0
L3160,KIT,2,0.0639,0
L3160,KMT2A(MLL),8,0.089325,2
L3160,MPL,3,0.06843333333333333,0
L3160,NF1,11,0.1322909090909091,3
L3160,NRAS,2,0.058550000000000005,0
L3160,PHF6,2,0.07275000000000001,0
L3160,PML-RARA,1,,1
L3160,PTPN11,2,0.05635,0
L3160,RAF1-TMEM40,1,,0
L3160,RARA-PML,3,,0
L3160,SF3B1,1,0.1379,0
L3160,SMC1A,3,0.1062,0
L3160,STAG2,1,0.1182,0
L3160,TET2,9,0.07303333333333334,0
L3170,ASXL1,2,0.054099999999999995,0
L3170,BCOR,5,0.07676000000000001,0
L3170,BRAF,2,0.0694,0
L3170,CBL,1,0.0536,0
L3170,CEBPA,1,0.0645,0
L3170,CUX1,1,0.0667,0
L3170,DDX41,4,0.0542,0
L3170,DNMT3A,3,0.0718,0
L3170,EZH2,2,0.087,0
L3170,IDH1,1,0.0513,0
L3170,IDH2,1,0.3269,1
L3170,JAK2,2,0.06155000000000001,0
L3170,KIT,4,0.0861,2
L3170,KMT2A(MLL),9,0.07454444444444445,1
L3170,KRAS,1,0.1379,0
L3170,MPL,1,0.25,0
L3170,NF1,8,0.078625,2
L3170,NPM1,1,0.2766,1
L3170,NRAS,1,0.0667,0
L3170,PHF6,3,0.10433333333333333,0
L3170,PTPN11,1,0.0769,0
L3170,SETBP1,2,0.25395,0
L3170,SMC1A,6,0.0678,0
L3170,STAG2,1,0.125,0
L3170,TET2,3,0.3478333333333334,2
L3170,U2AF1,1,0.0735,0
L3170,WT1,2,0.1,0
L3170,ZRSR2,2,0.0527,0
L3183,ASXL1,1,0.0522,0
L3183,AXL1,1,0.6667,0
L3183,BCOR,2,0.06085,0
L3183,BRAF,1,0.0978,0
L3183,CEBPA,4,0.087325,1
L3183,FLT3,5,0.5028,4
L3183,GATA2,1,0.1754,1
L3183,JAK2,1,0.4792,1
L3183,KMT2A(MLL),4,0.10795,1
L3183,KRAS,1,0.0755,0
L3183,MPL,2,0.2625,1
L3183,NF1,3,0.08763333333333334,2
L3183,NSD1-NUP98,1,,1
L3183,NUP98-NSD1,1,,1
L3183,SETBP1,2,0.39285000000000003,0
L3183,SF3B1,1,0.1333,0
L3183,WT1,3,0.13043333333333332,0
L3183,ZRSR2,1,0.0556,0
